{
    "mean_time": NaN,
    "std_time": NaN,
    "mean_score_vol": [
        [
            0.0008562759271990216,
            0.0008496218363507068,
            0.004559480465723027,
            0.01680070111324312
        ]
    ],
    "std_score_vol": [
        [
            0.0,
            0.0,
            0.0,
            0.0
        ]
    ],
    "mean_score_surf": [
        [
            0.00048711210602050416,
            0.0007227179248002357,
            0.01434390779795649,
            0.00011373908714631397
        ]
    ],
    "std_score_surf": [
        [
            0.0,
            0.0,
            0.0,
            0.0
        ]
    ],
    "mean_rel_p": [
        10.82139550967142
    ],
    "std_rel_p": [
        0.0
    ],
    "mean_rel_wss": [
        [
            25.160071276499753,
            37.76246903645038
        ]
    ],
    "std_rel_wss": [
        [
            0.0,
            0.0
        ]
    ],
    "mean_score_force": [
        [
            0.37236769583373497,
            0.0865307051078727
        ]
    ],
    "std_score_force": [
        [
            0.0,
            0.0
        ]
    ],
    "spearman_coef_mean": [
        [
            0.5944993624840621,
            0.9974334358358959
        ]
    ],
    "spearman_coef_std": [
        [
            0.0,
            0.0
        ]
    ]
}